[{"model": "admin.logentry", "pk": 1, "fields": {"action_time": "2024-05-09T21:24:05.498Z", "user": 15, "content_type": 9, "object_id": "13", "object_repr": "John Doe", "action_flag": 2, "change_message": "[{\"changed\": {\"fields\": [\"Profile image\"]}}]"}}, {"model": "admin.logentry", "pk": 2, "fields": {"action_time": "2024-05-09T21:28:56.985Z", "user": 15, "content_type": 9, "object_id": "12", "object_repr": "User Fourteen", "action_flag": 2, "change_message": "[{\"changed\": {\"fields\": [\"Profile image\"]}}]"}}, {"model": "admin.logentry", "pk": 3, "fields": {"action_time": "2024-05-09T21:58:50.758Z", "user": 15, "content_type": 9, "object_id": "9", "object_repr": "User Fourteen", "action_flag": 2, "change_message": "[{\"changed\": {\"fields\": [\"Profile image\"]}}]"}}, {"model": "admin.logentry", "pk": 4, "fields": {"action_time": "2024-05-09T22:06:29.936Z", "user": 15, "content_type": 9, "object_id": "5", "object_repr": "User Fourteen", "action_flag": 2, "change_message": "[{\"changed\": {\"fields\": [\"Profile image\"]}}]"}}, {"model": "admin.logentry", "pk": 5, "fields": {"action_time": "2024-05-09T22:14:28.923Z", "user": 15, "content_type": 9, "object_id": "3", "object_repr": "User Fourteen", "action_flag": 2, "change_message": "[{\"changed\": {\"fields\": [\"Profile image\"]}}]"}}, {"model": "admin.logentry", "pk": 6, "fields": {"action_time": "2024-05-10T00:30:28.581Z", "user": 15, "content_type": 9, "object_id": "1", "object_repr": "User Fourteen", "action_flag": 2, "change_message": "[{\"changed\": {\"fields\": [\"Profile image\"]}}]"}}, {"model": "admin.logentry", "pk": 7, "fields": {"action_time": "2024-05-10T00:33:28.854Z", "user": 15, "content_type": 9, "object_id": "9", "object_repr": "User Fourteen", "action_flag": 2, "change_message": "[{\"changed\": {\"fields\": [\"Profile image\"]}}]"}}, {"model": "admin.logentry", "pk": 8, "fields": {"action_time": "2024-05-10T00:33:35.462Z", "user": 15, "content_type": 9, "object_id": "5", "object_repr": "User Fourteen", "action_flag": 2, "change_message": "[{\"changed\": {\"fields\": [\"Profile image\"]}}]"}}, {"model": "admin.logentry", "pk": 9, "fields": {"action_time": "2024-05-10T00:33:41.122Z", "user": 15, "content_type": 9, "object_id": "12", "object_repr": "User Fourteen", "action_flag": 2, "change_message": "[{\"changed\": {\"fields\": [\"Profile image\"]}}]"}}, {"model": "admin.logentry", "pk": 10, "fields": {"action_time": "2024-05-10T00:33:56.742Z", "user": 15, "content_type": 9, "object_id": "12", "object_repr": "User Fourteen", "action_flag": 2, "change_message": "[{\"changed\": {\"fields\": [\"Profile image\"]}}]"}}, {"model": "admin.logentry", "pk": 11, "fields": {"action_time": "2024-05-10T00:36:19.727Z", "user": 15, "content_type": 9, "object_id": "13", "object_repr": "John Doe", "action_flag": 2, "change_message": "[{\"changed\": {\"fields\": [\"Profile image\"]}}]"}}, {"model": "admin.logentry", "pk": 12, "fields": {"action_time": "2024-05-10T00:36:32.203Z", "user": 15, "content_type": 9, "object_id": "13", "object_repr": "John Doe", "action_flag": 2, "change_message": "[{\"changed\": {\"fields\": [\"Profile image\"]}}]"}}, {"model": "admin.logentry", "pk": 13, "fields": {"action_time": "2024-05-10T00:36:54.174Z", "user": 15, "content_type": 9, "object_id": "10", "object_repr": "User Fourteen", "action_flag": 2, "change_message": "[{\"changed\": {\"fields\": [\"Profile image\"]}}]"}}, {"model": "admin.logentry", "pk": 14, "fields": {"action_time": "2024-05-10T01:24:19.217Z", "user": 15, "content_type": 8, "object_id": "14", "object_repr": "John Doe", "action_flag": 2, "change_message": "[{\"changed\": {\"fields\": [\"Profile image\", \"Banner image\"]}}]"}}, {"model": "admin.logentry", "pk": 15, "fields": {"action_time": "2024-05-10T01:26:38.510Z", "user": 15, "content_type": 11, "object_id": "6", "object_repr": "product 1", "action_flag": 1, "change_message": "[{\"added\": {}}]"}}, {"model": "admin.logentry", "pk": 16, "fields": {"action_time": "2024-05-10T01:27:18.968Z", "user": 15, "content_type": 11, "object_id": "7", "object_repr": "product 2", "action_flag": 1, "change_message": "[{\"added\": {}}]"}}, {"model": "admin.logentry", "pk": 17, "fields": {"action_time": "2024-05-10T01:27:54.925Z", "user": 15, "content_type": 11, "object_id": "8", "object_repr": "product 3", "action_flag": 1, "change_message": "[{\"added\": {}}]"}}, {"model": "admin.logentry", "pk": 18, "fields": {"action_time": "2024-05-10T01:30:23.031Z", "user": 15, "content_type": 11, "object_id": "9", "object_repr": "product 4", "action_flag": 1, "change_message": "[{\"added\": {}}]"}}, {"model": "admin.logentry", "pk": 19, "fields": {"action_time": "2024-05-10T01:30:42.159Z", "user": 15, "content_type": 11, "object_id": "9", "object_repr": "product 4", "action_flag": 2, "change_message": "[{\"changed\": {\"fields\": [\"Image\"]}}]"}}, {"model": "admin.logentry", "pk": 20, "fields": {"action_time": "2024-05-10T01:33:30.609Z", "user": 15, "content_type": 11, "object_id": "10", "object_repr": "product 5", "action_flag": 1, "change_message": "[{\"added\": {}}]"}}, {"model": "admin.logentry", "pk": 21, "fields": {"action_time": "2024-05-10T01:35:00.233Z", "user": 15, "content_type": 11, "object_id": "11", "object_repr": "product 6", "action_flag": 1, "change_message": "[{\"added\": {}}]"}}, {"model": "admin.logentry", "pk": 22, "fields": {"action_time": "2024-05-10T01:38:13.694Z", "user": 15, "content_type": 11, "object_id": "12", "object_repr": "Product 7", "action_flag": 1, "change_message": "[{\"added\": {}}]"}}, {"model": "admin.logentry", "pk": 23, "fields": {"action_time": "2024-05-10T01:42:02.074Z", "user": 15, "content_type": 11, "object_id": "13", "object_repr": "Product 8", "action_flag": 1, "change_message": "[{\"added\": {}}]"}}, {"model": "admin.logentry", "pk": 24, "fields": {"action_time": "2024-05-10T01:54:19.928Z", "user": 15, "content_type": 11, "object_id": "14", "object_repr": "product 10", "action_flag": 1, "change_message": "[{\"added\": {}}]"}}, {"model": "admin.logentry", "pk": 25, "fields": {"action_time": "2024-05-10T01:55:47.001Z", "user": 15, "content_type": 11, "object_id": "15", "object_repr": "product 11", "action_flag": 1, "change_message": "[{\"added\": {}}]"}}, {"model": "admin.logentry", "pk": 26, "fields": {"action_time": "2024-05-10T02:00:49.186Z", "user": 15, "content_type": 11, "object_id": "16", "object_repr": "product 12", "action_flag": 1, "change_message": "[{\"added\": {}}]"}}, {"model": "auth.permission", "pk": 1, "fields": {"name": "Can add log entry", "content_type": 1, "codename": "add_logentry"}}, {"model": "auth.permission", "pk": 2, "fields": {"name": "Can change log entry", "content_type": 1, "codename": "change_logentry"}}, {"model": "auth.permission", "pk": 3, "fields": {"name": "Can delete log entry", "content_type": 1, "codename": "delete_logentry"}}, {"model": "auth.permission", "pk": 4, "fields": {"name": "Can view log entry", "content_type": 1, "codename": "view_logentry"}}, {"model": "auth.permission", "pk": 5, "fields": {"name": "Can add permission", "content_type": 2, "codename": "add_permission"}}, {"model": "auth.permission", "pk": 6, "fields": {"name": "Can change permission", "content_type": 2, "codename": "change_permission"}}, {"model": "auth.permission", "pk": 7, "fields": {"name": "Can delete permission", "content_type": 2, "codename": "delete_permission"}}, {"model": "auth.permission", "pk": 8, "fields": {"name": "Can view permission", "content_type": 2, "codename": "view_permission"}}, {"model": "auth.permission", "pk": 9, "fields": {"name": "Can add group", "content_type": 3, "codename": "add_group"}}, {"model": "auth.permission", "pk": 10, "fields": {"name": "Can change group", "content_type": 3, "codename": "change_group"}}, {"model": "auth.permission", "pk": 11, "fields": {"name": "Can delete group", "content_type": 3, "codename": "delete_group"}}, {"model": "auth.permission", "pk": 12, "fields": {"name": "Can view group", "content_type": 3, "codename": "view_group"}}, {"model": "auth.permission", "pk": 13, "fields": {"name": "Can add content type", "content_type": 4, "codename": "add_contenttype"}}, {"model": "auth.permission", "pk": 14, "fields": {"name": "Can change content type", "content_type": 4, "codename": "change_contenttype"}}, {"model": "auth.permission", "pk": 15, "fields": {"name": "Can delete content type", "content_type": 4, "codename": "delete_contenttype"}}, {"model": "auth.permission", "pk": 16, "fields": {"name": "Can view content type", "content_type": 4, "codename": "view_contenttype"}}, {"model": "auth.permission", "pk": 17, "fields": {"name": "Can add session", "content_type": 5, "codename": "add_session"}}, {"model": "auth.permission", "pk": 18, "fields": {"name": "Can change session", "content_type": 5, "codename": "change_session"}}, {"model": "auth.permission", "pk": 19, "fields": {"name": "Can delete session", "content_type": 5, "codename": "delete_session"}}, {"model": "auth.permission", "pk": 20, "fields": {"name": "Can view session", "content_type": 5, "codename": "view_session"}}, {"model": "auth.permission", "pk": 21, "fields": {"name": "Can add user", "content_type": 6, "codename": "add_user"}}, {"model": "auth.permission", "pk": 22, "fields": {"name": "Can change user", "content_type": 6, "codename": "change_user"}}, {"model": "auth.permission", "pk": 23, "fields": {"name": "Can delete user", "content_type": 6, "codename": "delete_user"}}, {"model": "auth.permission", "pk": 24, "fields": {"name": "Can view user", "content_type": 6, "codename": "view_user"}}, {"model": "auth.permission", "pk": 25, "fields": {"name": "Can add platform base user", "content_type": 7, "codename": "add_platformbaseuser"}}, {"model": "auth.permission", "pk": 26, "fields": {"name": "Can change platform base user", "content_type": 7, "codename": "change_platformbaseuser"}}, {"model": "auth.permission", "pk": 27, "fields": {"name": "Can delete platform base user", "content_type": 7, "codename": "delete_platformbaseuser"}}, {"model": "auth.permission", "pk": 28, "fields": {"name": "Can view platform base user", "content_type": 7, "codename": "view_platformbaseuser"}}, {"model": "auth.permission", "pk": 29, "fields": {"name": "Can add advertiser", "content_type": 8, "codename": "add_advertiser"}}, {"model": "auth.permission", "pk": 30, "fields": {"name": "Can change advertiser", "content_type": 8, "codename": "change_advertiser"}}, {"model": "auth.permission", "pk": 31, "fields": {"name": "Can delete advertiser", "content_type": 8, "codename": "delete_advertiser"}}, {"model": "auth.permission", "pk": 32, "fields": {"name": "Can view advertiser", "content_type": 8, "codename": "view_advertiser"}}, {"model": "auth.permission", "pk": 33, "fields": {"name": "Can add space host", "content_type": 9, "codename": "add_spacehost"}}, {"model": "auth.permission", "pk": 34, "fields": {"name": "Can change space host", "content_type": 9, "codename": "change_spacehost"}}, {"model": "auth.permission", "pk": 35, "fields": {"name": "Can delete space host", "content_type": 9, "codename": "delete_spacehost"}}, {"model": "auth.permission", "pk": 36, "fields": {"name": "Can view space host", "content_type": 9, "codename": "view_spacehost"}}, {"model": "auth.permission", "pk": 37, "fields": {"name": "Can add social media", "content_type": 10, "codename": "add_socialmedia"}}, {"model": "auth.permission", "pk": 38, "fields": {"name": "Can change social media", "content_type": 10, "codename": "change_socialmedia"}}, {"model": "auth.permission", "pk": 39, "fields": {"name": "Can delete social media", "content_type": 10, "codename": "delete_socialmedia"}}, {"model": "auth.permission", "pk": 40, "fields": {"name": "Can view social media", "content_type": 10, "codename": "view_socialmedia"}}, {"model": "auth.permission", "pk": 41, "fields": {"name": "Can add advertiser product", "content_type": 11, "codename": "add_advertiserproduct"}}, {"model": "auth.permission", "pk": 42, "fields": {"name": "Can change advertiser product", "content_type": 11, "codename": "change_advertiserproduct"}}, {"model": "auth.permission", "pk": 43, "fields": {"name": "Can delete advertiser product", "content_type": 11, "codename": "delete_advertiserproduct"}}, {"model": "auth.permission", "pk": 44, "fields": {"name": "Can view advertiser product", "content_type": 11, "codename": "view_advertiserproduct"}}, {"model": "auth.permission", "pk": 45, "fields": {"name": "Can add topic", "content_type": 12, "codename": "add_topic"}}, {"model": "auth.permission", "pk": 46, "fields": {"name": "Can change topic", "content_type": 12, "codename": "change_topic"}}, {"model": "auth.permission", "pk": 47, "fields": {"name": "Can delete topic", "content_type": 12, "codename": "delete_topic"}}, {"model": "auth.permission", "pk": 48, "fields": {"name": "Can view topic", "content_type": 12, "codename": "view_topic"}}, {"model": "auth.permission", "pk": 49, "fields": {"name": "Can add portfolio", "content_type": 13, "codename": "add_portfolio"}}, {"model": "auth.permission", "pk": 50, "fields": {"name": "Can change portfolio", "content_type": 13, "codename": "change_portfolio"}}, {"model": "auth.permission", "pk": 51, "fields": {"name": "Can delete portfolio", "content_type": 13, "codename": "delete_portfolio"}}, {"model": "auth.permission", "pk": 52, "fields": {"name": "Can view portfolio", "content_type": 13, "codename": "view_portfolio"}}, {"model": "auth.permission", "pk": 53, "fields": {"name": "Can add language", "content_type": 14, "codename": "add_language"}}, {"model": "auth.permission", "pk": 54, "fields": {"name": "Can change language", "content_type": 14, "codename": "change_language"}}, {"model": "auth.permission", "pk": 55, "fields": {"name": "Can delete language", "content_type": 14, "codename": "delete_language"}}, {"model": "auth.permission", "pk": 56, "fields": {"name": "Can view language", "content_type": 14, "codename": "view_language"}}, {"model": "auth.permission", "pk": 57, "fields": {"name": "Can add portfolio image upload fragment", "content_type": 15, "codename": "add_portfolioimageuploadfragment"}}, {"model": "auth.permission", "pk": 58, "fields": {"name": "Can change portfolio image upload fragment", "content_type": 15, "codename": "change_portfolioimageuploadfragment"}}, {"model": "auth.permission", "pk": 59, "fields": {"name": "Can delete portfolio image upload fragment", "content_type": 15, "codename": "delete_portfolioimageuploadfragment"}}, {"model": "auth.permission", "pk": 60, "fields": {"name": "Can view portfolio image upload fragment", "content_type": 15, "codename": "view_portfolioimageuploadfragment"}}, {"model": "auth.permission", "pk": 61, "fields": {"name": "Can add product image upload fragment", "content_type": 16, "codename": "add_productimageuploadfragment"}}, {"model": "auth.permission", "pk": 62, "fields": {"name": "Can change product image upload fragment", "content_type": 16, "codename": "change_productimageuploadfragment"}}, {"model": "auth.permission", "pk": 63, "fields": {"name": "Can delete product image upload fragment", "content_type": 16, "codename": "delete_productimageuploadfragment"}}, {"model": "auth.permission", "pk": 64, "fields": {"name": "Can view product image upload fragment", "content_type": 16, "codename": "view_productimageuploadfragment"}}, {"model": "contenttypes.contenttype", "pk": 1, "fields": {"app_label": "admin", "model": "logentry"}}, {"model": "contenttypes.contenttype", "pk": 2, "fields": {"app_label": "auth", "model": "permission"}}, {"model": "contenttypes.contenttype", "pk": 3, "fields": {"app_label": "auth", "model": "group"}}, {"model": "contenttypes.contenttype", "pk": 4, "fields": {"app_label": "contenttypes", "model": "contenttype"}}, {"model": "contenttypes.contenttype", "pk": 5, "fields": {"app_label": "sessions", "model": "session"}}, {"model": "contenttypes.contenttype", "pk": 6, "fields": {"app_label": "core", "model": "user"}}, {"model": "contenttypes.contenttype", "pk": 7, "fields": {"app_label": "users", "model": "platformbaseuser"}}, {"model": "contenttypes.contenttype", "pk": 8, "fields": {"app_label": "users", "model": "advertiser"}}, {"model": "contenttypes.contenttype", "pk": 9, "fields": {"app_label": "users", "model": "spacehost"}}, {"model": "contenttypes.contenttype", "pk": 10, "fields": {"app_label": "users", "model": "socialmedia"}}, {"model": "contenttypes.contenttype", "pk": 11, "fields": {"app_label": "users", "model": "advertiserproduct"}}, {"model": "contenttypes.contenttype", "pk": 12, "fields": {"app_label": "users", "model": "topic"}}, {"model": "contenttypes.contenttype", "pk": 13, "fields": {"app_label": "users", "model": "portfolio"}}, {"model": "contenttypes.contenttype", "pk": 14, "fields": {"app_label": "users", "model": "language"}}, {"model": "contenttypes.contenttype", "pk": 15, "fields": {"app_label": "users", "model": "portfolioimageuploadfragment"}}, {"model": "contenttypes.contenttype", "pk": 16, "fields": {"app_label": "users", "model": "productimageuploadfragment"}}, {"model": "sessions.session", "pk": "0grpj6t94cmghhzle6euzdxjzvon4wfv", "fields": {"session_data": ".eJxVjEEOwiAQRe_C2hCGUgou3XuGZpiZStVAUtqV8e7apAvd_vfef6kRtzWPW5NlnFmdFfTq9DsmpIeUnfAdy61qqmVd5qR3RR-06WtleV4O9-8gY8vf2k4CLoH3zicXLQtT6H3XCRnoEJggkJ08Y2RDYpxJMKCFIQIGG6hX7w8J5jfu:1s5BEi:CnBQnz3DP6ZTNuTcQv8LgJ29Q0ZQ2ehhm3nWiP9Tv8Y", "expire_date": "2024-05-23T21:23:32.650Z"}}, {"model": "core.user", "pk": 1, "fields": {"password": "pbkdf2_sha256$720000$zDlZ3sUQUm1NaRQefaxnY0$5vuU/nr5n6XlIzMxRrXUGZXxcdZbYM2thgnVKgxKyyU=", "last_login": null, "is_superuser": false, "username": "user15@gmail.com", "first_name": "", "last_name": "", "is_staff": false, "is_active": true, "date_joined": "2024-05-08T20:06:32.389Z", "email": "user15@gmail.com", "phone": "+123456789", "full_name": "User Fourteen", "country": "United States", "user_role": "space_host", "groups": [], "user_permissions": []}}, {"model": "core.user", "pk": 2, "fields": {"password": "pbkdf2_sha256$720000$GtMPBCwijLqXqm2CCBwSZk$pnPB+ez5Dh3Qk5X83y2W2BXq0k23cJzZJvb4PqMDpqc=", "last_login": null, "is_superuser": false, "username": "user16@gmail.com", "first_name": "", "last_name": "", "is_staff": false, "is_active": true, "date_joined": "2024-05-08T20:12:34.568Z", "email": "user16@gmail.com", "phone": "+123456789", "full_name": "User Fourteen", "country": "United States", "user_role": "advertiser", "groups": [], "user_permissions": []}}, {"model": "core.user", "pk": 3, "fields": {"password": "pbkdf2_sha256$720000$sjMurPP6nDq0FUpSePUmEv$H9EaztPrVSCmYT2+eGTLMT0WyVaF9qeVOCQtTfsShxU=", "last_login": null, "is_superuser": false, "username": "user17@gmail.com", "first_name": "", "last_name": "", "is_staff": false, "is_active": true, "date_joined": "2024-05-08T20:58:48.808Z", "email": "user17@gmail.com", "phone": "+123456789", "full_name": "User Fourteen", "country": "United States", "user_role": "space_host", "groups": [], "user_permissions": []}}, {"model": "core.user", "pk": 4, "fields": {"password": "pbkdf2_sha256$720000$VLlOLbmen1ZgQh8P2PQk9n$s/dAzhdi+mDi66svJv909VGNI8ImsSX5xLexga/cZYE=", "last_login": null, "is_superuser": false, "username": "user18@gmail.com", "first_name": "", "last_name": "", "is_staff": false, "is_active": true, "date_joined": "2024-05-08T22:14:11.486Z", "email": "user18@gmail.com", "phone": "+123456789", "full_name": "User Fourteen", "country": "United States", "user_role": "advertiser", "groups": [], "user_permissions": []}}, {"model": "core.user", "pk": 5, "fields": {"password": "pbkdf2_sha256$720000$ir3ZJIfPfZM7DK2ImazXgP$iY0aPieM+b+18pfuJciQ3YUNVM6A4qxYt/9TQmt7h6s=", "last_login": null, "is_superuser": false, "username": "user19@gmail.com", "first_name": "", "last_name": "", "is_staff": false, "is_active": true, "date_joined": "2024-05-08T22:27:40.141Z", "email": "user19@gmail.com", "phone": "+123456789", "full_name": "User Fourteen", "country": "United States", "user_role": "space_host", "groups": [], "user_permissions": []}}, {"model": "core.user", "pk": 6, "fields": {"password": "pbkdf2_sha256$720000$6RA27ewFRNPWngutQ5emXu$mWTgbmBeg04XmrcaaIZadg887oBMPfo33nhgoyURE3k=", "last_login": null, "is_superuser": false, "username": "user20@gmail.com", "first_name": "", "last_name": "", "is_staff": false, "is_active": true, "date_joined": "2024-05-09T15:09:14.018Z", "email": "user20@gmail.com", "phone": "+123456789", "full_name": "User Fourteen", "country": "United States", "user_role": "space_host", "groups": [], "user_permissions": []}}, {"model": "core.user", "pk": 7, "fields": {"password": "pbkdf2_sha256$720000$y7O1gMgbWV52j6vq6fM7P5$sJ+Vangxrfbqv+YydABQNkii6Q7QvX1PmNV7XLeWeIE=", "last_login": null, "is_superuser": false, "username": "user21@gmail.com", "first_name": "", "last_name": "", "is_staff": false, "is_active": true, "date_joined": "2024-05-09T15:09:53.349Z", "email": "user21@gmail.com", "phone": "+123456789", "full_name": "User Fourteen", "country": "United States", "user_role": "space_host", "groups": [], "user_permissions": []}}, {"model": "core.user", "pk": 8, "fields": {"password": "pbkdf2_sha256$720000$meKwtwjpoTDdWLmx1LxDrA$Bk5laDBO85K2T5YrYya6tT79+++DgH3lGl8gSTqVqRg=", "last_login": null, "is_superuser": false, "username": "user22@gmail.com", "first_name": "", "last_name": "", "is_staff": false, "is_active": true, "date_joined": "2024-05-09T15:11:08.019Z", "email": "user22@gmail.com", "phone": "+123456789", "full_name": "User Fourteen", "country": "United States", "user_role": "space_host", "groups": [], "user_permissions": []}}, {"model": "core.user", "pk": 9, "fields": {"password": "pbkdf2_sha256$720000$VBP1kViYpxJTt8oQZKc1MN$3o0fsU05dm9fQuI6xgTqrtxESwFhqEX2EjY8lCp3Rto=", "last_login": null, "is_superuser": false, "username": "user23@gmail.com", "first_name": "", "last_name": "", "is_staff": false, "is_active": true, "date_joined": "2024-05-09T15:17:34.568Z", "email": "user23@gmail.com", "phone": "+123456789", "full_name": "User Fourteen", "country": "United States", "user_role": "space_host", "groups": [], "user_permissions": []}}, {"model": "core.user", "pk": 10, "fields": {"password": "pbkdf2_sha256$720000$W7oNBsPFExsnqFx2fX6hfu$ds9KMS6SRYyvppOhedE68IREI+DFKwVuVOAYwIkhQac=", "last_login": null, "is_superuser": false, "username": "user25@gmail.com", "first_name": "", "last_name": "", "is_staff": false, "is_active": true, "date_joined": "2024-05-09T15:20:08.875Z", "email": "user25@gmail.com", "phone": "+123456789", "full_name": "User Fourteen", "country": "United States", "user_role": "space_host", "groups": [], "user_permissions": []}}, {"model": "core.user", "pk": 11, "fields": {"password": "pbkdf2_sha256$720000$xZvKQN8Tt9vHhs918OBZfs$O1QimNLtml3LX9SQ6NYZ0f+R6BYQYNq2to8DetIIaN0=", "last_login": null, "is_superuser": false, "username": "user26@gmail.com", "first_name": "", "last_name": "", "is_staff": false, "is_active": true, "date_joined": "2024-05-09T15:20:22.018Z", "email": "user26@gmail.com", "phone": "+123456789", "full_name": "User Fourteen", "country": "United States", "user_role": "advertiser", "groups": [], "user_permissions": []}}, {"model": "core.user", "pk": 12, "fields": {"password": "pbkdf2_sha256$720000$XKQRqKAD64N7c2ASLRSnov$RHAEmNy6HIj0Rps2A2cMpjP0Ui+hM1KYuryYw9fB1lI=", "last_login": null, "is_superuser": false, "username": "user27@gmail.com", "first_name": "", "last_name": "", "is_staff": false, "is_active": true, "date_joined": "2024-05-09T20:07:34.702Z", "email": "user27@gmail.com", "phone": "+123456789", "full_name": "User Fourteen", "country": "United States", "user_role": "space_host", "groups": [], "user_permissions": []}}, {"model": "core.user", "pk": 13, "fields": {"password": "pbkdf2_sha256$720000$n4cD7A1TUPeAdQEb1yU7FQ$7H/41OzrIraZVwE37rPxJk7aH/H0uXkIuHZFD8FqF7Q=", "last_login": null, "is_superuser": false, "username": "user28@gmail.com", "first_name": "", "last_name": "", "is_staff": false, "is_active": true, "date_joined": "2024-05-09T20:21:33.543Z", "email": "user28@gmail.com", "phone": "+123456789", "full_name": "John Doe", "country": "United States", "user_role": "space_host", "groups": [], "user_permissions": []}}, {"model": "core.user", "pk": 14, "fields": {"password": "pbkdf2_sha256$720000$A78rgYYJ9mQpBGiBYZk5su$wwfFmW4CTCpApUNlvS4ojPwYWi0O+NV5kINBBeUAn1k=", "last_login": null, "is_superuser": false, "username": "user29@gmail.com", "first_name": "", "last_name": "", "is_staff": false, "is_active": true, "date_joined": "2024-05-09T20:21:52.671Z", "email": "user29@gmail.com", "phone": "+123456789", "full_name": "John Doe", "country": "United States", "user_role": "advertiser", "groups": [], "user_permissions": []}}, {"model": "core.user", "pk": 15, "fields": {"password": "pbkdf2_sha256$720000$deLnFd79r9d0fz30rtZJSj$EQcuvieA0SVtKy/DgiplxZZZkw+zkgD7HAAa9cofefw=", "last_login": "2024-05-09T21:23:32.649Z", "is_superuser": true, "username": "admin@gmail.com", "first_name": "", "last_name": "", "is_staff": true, "is_active": true, "date_joined": "2024-05-09T21:23:14.421Z", "email": "admin@gmail.com", "phone": "+1234567890", "full_name": "Mahmudur Rahman", "country": "Bangladesh", "user_role": null, "groups": [], "user_permissions": []}}, {"model": "users.platformbaseuser", "pk": 1, "fields": {"profile_image": "profile/1/profile_picture.png", "banner_image": "", "description": "", "location": "New York, NY", "website": null}}, {"model": "users.platformbaseuser", "pk": 2, "fields": {"profile_image": "", "banner_image": "", "description": null, "location": "ss, NY", "website": null}}, {"model": "users.platformbaseuser", "pk": 3, "fields": {"profile_image": "profile/3/profile_picture.png", "banner_image": "", "description": "", "location": null, "website": null}}, {"model": "users.platformbaseuser", "pk": 4, "fields": {"profile_image": "", "banner_image": "", "description": null, "location": null, "website": null}}, {"model": "users.platformbaseuser", "pk": 5, "fields": {"profile_image": "", "banner_image": "", "description": "", "location": null, "website": null}}, {"model": "users.platformbaseuser", "pk": 9, "fields": {"profile_image": "", "banner_image": "", "description": "", "location": null, "website": null}}, {"model": "users.platformbaseuser", "pk": 10, "fields": {"profile_image": "profile/10/profile_picture.png", "banner_image": "", "description": "", "location": null, "website": null}}, {"model": "users.platformbaseuser", "pk": 11, "fields": {"profile_image": "", "banner_image": "", "description": null, "location": null, "website": null}}, {"model": "users.platformbaseuser", "pk": 12, "fields": {"profile_image": "profile/12/profile_picture.png", "banner_image": "", "description": "", "location": null, "website": null}}, {"model": "users.platformbaseuser", "pk": 13, "fields": {"profile_image": "profile/13/profile_picture.png", "banner_image": "", "description": "", "location": null, "website": null}}, {"model": "users.platformbaseuser", "pk": 14, "fields": {"profile_image": "profile/14/profile_image.png", "banner_image": "profile/14/banner_image.jpg", "description": "", "location": null, "website": null}}, {"model": "users.spacehost", "pk": 1, "fields": {"long_term_service_availability": null}}, {"model": "users.spacehost", "pk": 3, "fields": {"long_term_service_availability": null}}, {"model": "users.spacehost", "pk": 5, "fields": {"long_term_service_availability": null}}, {"model": "users.spacehost", "pk": 9, "fields": {"long_term_service_availability": null}}, {"model": "users.spacehost", "pk": 10, "fields": {"long_term_service_availability": null}}, {"model": "users.spacehost", "pk": 12, "fields": {"long_term_service_availability": null}}, {"model": "users.spacehost", "pk": 13, "fields": {"long_term_service_availability": null}}, {"model": "users.advertiser", "pk": 2, "fields": {}}, {"model": "users.advertiser", "pk": 4, "fields": {}}, {"model": "users.advertiser", "pk": 11, "fields": {}}, {"model": "users.advertiser", "pk": 14, "fields": {}}, {"model": "users.topic", "pk": 1, "fields": {"title": "Cricket", "user": 1}}, {"model": "users.topic", "pk": 2, "fields": {"title": "Football", "user": 1}}, {"model": "users.topic", "pk": 3, "fields": {"title": "Football", "user": 1}}, {"model": "users.topic", "pk": 4, "fields": {"title": "Football", "user": 3}}, {"model": "users.topic", "pk": 5, "fields": {"title": "Cricket", "user": 3}}, {"model": "users.topic", "pk": 6, "fields": {"title": "Baseball", "user": 3}}, {"model": "users.topic", "pk": 7, "fields": {"title": "Cricket", "user": 3}}, {"model": "users.topic", "pk": 8, "fields": {"title": "Baseball", "user": 3}}, {"model": "users.topic", "pk": 9, "fields": {"title": "Cricket", "user": 3}}, {"model": "users.topic", "pk": 10, "fields": {"title": "Cricket", "user": 3}}, {"model": "users.topic", "pk": 11, "fields": {"title": "Cricket", "user": 5}}, {"model": "users.topic", "pk": 12, "fields": {"title": "Baseball", "user": 12}}, {"model": "users.topic", "pk": 13, "fields": {"title": "Football", "user": 12}}, {"model": "users.advertiserproduct", "pk": 1, "fields": {"name": "product one", "description": null, "user": 4}}, {"model": "users.advertiserproduct", "pk": 2, "fields": {"name": "product two", "description": null, "user": 4}}, {"model": "users.advertiserproduct", "pk": 3, "fields": {"name": "product two", "description": null, "user": 4}}, {"model": "users.advertiserproduct", "pk": 5, "fields": {"name": "product y", "description": null, "user": 14}}, {"model": "users.advertiserproduct", "pk": 6, "fields": {"name": "product 1", "description": "", "user": 14}}, {"model": "users.advertiserproduct", "pk": 7, "fields": {"name": "product 2", "description": "", "user": 14}}, {"model": "users.advertiserproduct", "pk": 8, "fields": {"name": "product 3", "description": "", "user": 14}}, {"model": "users.advertiserproduct", "pk": 9, "fields": {"name": "product 4", "description": "", "user": 14}}, {"model": "users.advertiserproduct", "pk": 10, "fields": {"name": "product 5", "description": "", "user": 14}}, {"model": "users.advertiserproduct", "pk": 11, "fields": {"name": "product 6", "description": "", "user": 14}}, {"model": "users.advertiserproduct", "pk": 12, "fields": {"name": "Product 7", "description": "", "user": 14}}, {"model": "users.advertiserproduct", "pk": 13, "fields": {"name": "Product 8", "description": "", "user": 14}}, {"model": "users.advertiserproduct", "pk": 14, "fields": {"name": "product 10", "description": "", "user": 14}}, {"model": "users.advertiserproduct", "pk": 15, "fields": {"name": "product 11", "description": "", "user": 14}}, {"model": "users.advertiserproduct", "pk": 16, "fields": {"name": "product 12", "description": "", "user": 14}}, {"model": "users.advertiserproduct", "pk": 17, "fields": {"name": "product 12", "description": null, "user": 14}}, {"model": "users.advertiserproduct", "pk": 18, "fields": {"name": "product 13", "description": null, "user": 14}}, {"model": "users.advertiserproduct", "pk": 19, "fields": {"name": "product 14", "description": null, "user": 14}}, {"model": "users.advertiserproduct", "pk": 20, "fields": {"name": "Product 15", "description": null, "user": 14}}, {"model": "users.advertiserproduct", "pk": 21, "fields": {"name": "Product 15", "description": null, "user": 14}}, {"model": "users.productimageuploadfragment", "pk": 1, "fields": {"file": "profile/14/products/20/image.png", "product": 20}}, {"model": "users.language", "pk": 1, "fields": {"language": "Bengali", "user": 3}}, {"model": "users.language", "pk": 2, "fields": {"language": "Bangla", "user": 12}}, {"model": "users.language", "pk": 3, "fields": {"language": "English", "user": 12}}, {"model": "users.portfolio", "pk": 1, "fields": {"title": "portfolio title", "description": null, "youtube_url": "https://yt.com", "user": 3}}, {"model": "users.portfolio", "pk": 2, "fields": {"title": "portfolio title", "description": null, "youtube_url": null, "user": 3}}, {"model": "users.portfolio", "pk": 3, "fields": {"title": "portfolio title", "description": null, "youtube_url": null, "user": 12}}, {"model": "users.portfolio", "pk": 4, "fields": {"title": "Fashion Designer", "description": null, "youtube_url": "https://yt.com/something/", "user": 13}}, {"model": "users.portfolioimageuploadfragment", "pk": 1, "fields": {"file": "A4_2.png", "portfolio": 4}}, {"model": "users.portfolioimageuploadfragment", "pk": 2, "fields": {"file": "profile/13/portfolios/4/image.png", "portfolio": 4}}, {"model": "users.socialmedia", "pk": 1, "fields": {"social_media": "fb", "url": null, "user": 3}}, {"model": "users.socialmedia", "pk": 2, "fields": {"social_media": "fb", "url": null, "user": 4}}, {"model": "users.socialmedia", "pk": 3, "fields": {"social_media": "yt", "url": "https://www.youtube.com/akdjfoa/", "user": 12}}, {"model": "users.socialmedia", "pk": 4, "fields": {"social_media": "yt", "url": "https://www.google.com", "user": 13}}]